{"cameraMode":{"drawMode":0,"name":"Shaded","section":"Shading Mode"},"sceneLighting":true,"audioPlay":false,"sceneViewState":{"showFog":true,"showMaterialUpdate":false,"showSkybox":true,"showFlares":true,"showImageEffects":true,"showParticleSystems":true},"in2DMode":false,"pivot":{"x":12.5889310836792,"y":-59.31150817871094,"z":146.33096313476563},"rotation":{"x":-0.2100372314453125,"y":-0.042238324880599979,"z":0.009075465612113476,"w":-0.9767569899559021},"size":177.95870971679688,"orthographic":false}